,Round_x,Race,Result_x,Time_x,Grid_x,Fastest lap_x,Delta_x,Qualifying_x,Qualifying time_x,Pole position delta_x,Round_y,Result_y,Time_y,Grid_y,Fastest lap_y,Delta_y,Qualifying_y,Qualifying time_y,Pole position delta_y,Driver
0,1,Bahrain GP,13th,+53.932,14th,1:37.355,2.785,14th,1:32.664 (Q2),2.106,1,10th,+1:29.774,15th,,,15th,1:31.461 (Q1),1.753,alexander albon
1,2,Saudi Arabian GP,14th,Retired,16th,1:34.368,2.734,17th,1:30.492 (Q1),2.292,2,DNF,DNF (Brakes),17th,,,17th,1:29.994 (Q1),1.729,alexander albon
2,3,Australian GP,10th,+1:19.382,20th,1:22.589,2.329,16th,1:20.135 (Q1),2.267,3,DNF,DNF (Accident),8th,1:23.349,3.114,8th,1:17.609 (Q3),0.877,alexander albon
3,5,Miami GP,9th,+32.365,18th,1:33.447,2.086,18th,1:31.266 (Q1),2.47,5,14th,+1:12.861,11th,1:31.852,2.144,11th,1:27.795 (Q2),0.954,alexander albon
4,6,Spanish GP,18th,+2 Laps,18th,1:28.281,4.173,19th,1:21.645 (Q1),2.895,7,16th,+1 Lap,18th,1:19.133,2.803,18th,1:14.063 (Q1),1.791,alexander albon
5,7,Monaco GP,DNF,DNF (Mechanical),16th,1:18.023,3.33,16th,1:13.611 (Q1),2.235,6,14th,+1 Lap,13th,1:16.672,1.022,13th,1:12.527 (Q2),1.162,alexander albon
6,8,Azerbaijan GP,12th,+1 Lap,17th,1:47.966,1.92,17th,1:44.719 (Q1),3.36,4,12th,+1:28.623,12th,1:45.925,2.555,13th,1:41.818 (Q2),1.615,alexander albon
7,9,Canadian GP,13th,+44.893,12th,1:17.951,2.202,12th,1:26.858 (Q2),5.559,8,7th,+1:00.813,9th,1:16.917,2.436,10th,1:18.725 (Q2),,alexander albon
8,10,British GP,DNF,DNF (Collision),16th,,,16th,1:42.078 (Q1),1.095,10,8th,+17.878,8th,1:31.273,0.998,8th,1:27.530 (Q3),0.81,alexander albon
9,11,Austrian GP,12th,+1 Lap,11th,1:09.669,2.394,11th,1:06.230 (Q2),1.246,9,11th,+1:19.767,10th,1:09.560,2.548,10th,1:05.823 (Q3),1.432,alexander albon
10,13,Hungarian GP,17th,+1 Lap,17th,1:23.047,1.661,17th,1:19.256 (Q1),1.879,11,11th,+1 Lap,16th,1:24.051,3.547,16th,1:18.917 (Q1),2.308,alexander albon
11,14,Belgian GP,10th,+1:41.900,6th,1:53.055,3.701,9th,1:45.837 (Q3),2.172,12,14th,+1:36.184,15th,,,16th,2:00.314 (Q1),14.146,alexander albon
12,15,Dutch GP,12th,+30.390,15th,1:15.534,1.882,15th,1:11.802 (Q2),1.46,13,8th,+15.155,4th,1:14.468,0.631,4th,1:11.419 (Q3),0.852,alexander albon
13,17,Singapore GP,DNF,DNF (Retired),18th,2:02.121,15.663,19th,1:56.985 (Q1),7.573,15,11th,+1:13.417,14th,1:37.342,1.475,14th,1:33.719 (Q2),2.735,alexander albon
14,18,Japanese GP,DNF,DNF (Hydraulics),16th,,,16th,1:31.311 (Q1),2.007,16,DNF,DNF (Retired),13th,1:39.185,5.002,13th,1:30.537 (Q2),1.66,alexander albon
15,19,United States GP,13th,+1:20.057,8th,1:42.471,3.683,11th,1:36.368 (Q2),2.012,18,9th,+1:26.714,15th,1:41.371,3.232,18th,1:36.315 (Q1),1.592,alexander albon
16,20,Mexico City GP,12th,+1 Lap,17th,1:22.914,2.761,19th,1:20.859 (Q1),3.084,19,9th,+48.573,14th,1:22.773,1.439,14th,1:19.147 (Q2),1.981,alexander albon
17,22,Abu Dhabi GP,13th,+1 Lap,19th,1:29.939,1.548,19th,1:26.028 (Q1),2.204,22,14th,+1:13.184,14th,1:27.845,0.852,14th,1:24.439 (Q2),0.994,alexander albon
0,1,Bahrain GP,9th,+22.390,8th,1:36.733,2.163,8th,1:32.195 (Q3),1.637,1,3rd,+38.637,5th,,,5th,1:30.336 (Q3),0.628,fernando alonso
1,2,Saudi Arabian GP,DNF,DNF (Retired),7th,1:33.831,2.197,7th,1:29.147 (Q3),0.947,2,3rd,+20.728,2nd,,,3rd,1:28.730 (Q3),0.465,fernando alonso
2,3,Australian GP,17th,+1 Lap,10th,1:20.846,0.586,10th,1:18.815 (Q2),0.947,3,3rd,+0.769,4th,1:20.476,0.241,4th,1:17.139 (Q3),0.407,fernando alonso
3,5,Miami GP,11th,+37.128,11th,1:33.331,1.97,11th,1:30.160 (Q2),1.364,5,3rd,+26.305,2nd,1:30.519,0.811,2nd,1:27.202 (Q3),0.361,fernando alonso
4,6,Spanish GP,9th,+1 Lap,20th,1:26.599,2.491,17th,1:21.043 (Q1),2.293,7,7th,+1:04.127,8th,1:18.083,1.753,9th,1:13.507 (Q3),1.235,fernando alonso
5,7,Monaco GP,7th,+46.358,7th,1:15.882,1.189,7th,1:12.247 (Q3),0.871,6,2nd,+27.921,2nd,1:16.674,1.024,2nd,1:11.449 (Q3),0.084,fernando alonso
6,8,Azerbaijan GP,7th,+1:28.596,10th,1:47.989,1.943,10th,1:43.173 (Q3),1.814,4,4th,+22.024,6th,1:44.241,0.871,6th,1:41.253 (Q3),1.05,fernando alonso
7,9,Canadian GP,9th,+29.945,2nd,1:16.578,0.829,2nd,1:21.944 (Q3),0.645,8,2nd,+9.570,2nd,1:15.779,1.298,3rd,1:27.286 (Q3),1.428,fernando alonso
8,10,British GP,5th,+9.571,7th,1:31.609,1.099,7th,1:42.116 (Q3),1.133,10,7th,+17.193,9th,1:31.338,1.063,9th,1:27.659 (Q3),0.939,fernando alonso
9,11,Austrian GP,10th,+1 Lap,8th,1:08.558,1.283,8th,1:06.103 (Q3),1.119,9,5th,+30.317,7th,1:08.739,1.727,7th,1:04.911 (Q3),0.52,fernando alonso
10,13,Hungarian GP,8th,+1 Lap,6th,1:23.979,2.593,6th,1:18.078 (Q3),0.701,11,9th,+1:15.709,8th,1:22.745,2.241,8th,1:17.035 (Q3),0.426,fernando alonso
11,14,Belgian GP,5th,+1:13.256,3rd,1:52.868,3.514,6th,1:45.368 (Q3),1.703,12,5th,+56.184,9th,,,9th,1:47.843 (Q3),1.675,fernando alonso
12,15,Dutch GP,6th,+18.754,13th,1:14.144,0.492,13th,1:11.613 (Q2),1.271,13,2nd,+3.744,5th,1:13.837,,5th,1:11.506 (Q3),0.939,fernando alonso
13,16,Italian GP,DNF,DNF (Water pressure),6th,1:27.203,3.173,10th,1:21.861 (Q2),1.7,14,9th,+46.294,10th,1:26.105,1.033,10th,1:21.417 (Q3),1.123,fernando alonso
14,17,Singapore GP,DNF,DNF (Retired),5th,2:00.463,14.005,5th,1:49.966 (Q3),0.554,15,15th,+1:27.603,7th,1:36.456,0.589,7th,1:31.615 (Q3),0.631,fernando alonso
15,18,Japanese GP,7th,+46.369,7th,1:44.412,0.001,7th,1:30.322 (Q3),1.018,16,8th,+1:14.725,10th,1:37.203,3.02,10th,1:30.560 (Q3),1.683,fernando alonso
16,19,United States GP,7th,+0:55.078,14th,1:41.804,3.016,9th,1:35.876 (Q3),1.52,18,DNF,DNF (Undertray),Pitlane,1:39.954,1.815,17th,1:36.268 (Q1),1.545,fernando alonso
17,20,Mexico City GP,19th,Engine,9th,1:22.866,2.713,9th,1:18.939 (Q3),1.164,19,DNF,DNF (Withdrew),13th,1:23.531,2.197,13th,1:18.738 (Q2),1.572,fernando alonso
18,22,Abu Dhabi GP,DNF,DNF (Water leak),10th,1:30.579,2.188,11th,1:25.096 (Q2),1.272,22,7th,+39.512,7th,1:28.256,1.263,7th,1:24.084 (Q3),0.639,fernando alonso
0,1,Bahrain GP,6th,+16.119,6th,1:36.599,2.029,6th,1:31.560 (Q3),1.002,1,8th,+1:12.647,12th,,,12th,1:31.443 (Q2),1.735,valtteri bottas
1,2,Saudi Arabian GP,DNF,DNF (Retired),8th,1:33.979,2.345,8th,1:29.183 (Q3),0.983,2,18th,+1 Lap,14th,,,14th,1:29.668 (Q2),1.403,valtteri bottas
2,3,Australian GP,8th,+1:08.439,12th,1:21.651,1.391,12th,1:19.410 (Q2),1.542,3,11th,+6.513,Pitlane,1:22.233,1.998,19th,1:18.714 (Q1),1.982,valtteri bottas
3,5,Miami GP,7th,+25.073,5th,1:33.184,1.823,5th,1:29.475 (Q3),0.679,5,13th,+1:11.637,10th,1:31.838,2.13,10th,1:27.564 (Q2),0.723,valtteri bottas
4,6,Spanish GP,6th,+59.976,7th,1:26.395,2.287,7th,1:19.608 (Q3),0.858,7,19th,+1 Lap,16th,1:18.242,1.912,16th,1:13.977 (Q1),1.705,valtteri bottas
5,7,Monaco GP,9th,+52.525,12th,1:17.600,2.907,12th,1:12.909 (Q2),1.533,6,11th,+1 Lap,15th,1:17.824,2.174,15th,1:12.625 (Q2),1.26,valtteri bottas
6,8,Azerbaijan GP,11th,+1 Lap,15th,1:48.179,2.133,15th,1:44.444 (Q2),3.085,4,18th,+1 Lap,13th,1:46.304,2.934,14th,1:42.259 (Q2),2.056,valtteri bottas
7,9,Canadian GP,7th,+25.247,11th,1:17.010,1.261,11th,1:26.788 (Q2),5.489,8,10th,+1:04.432,14th,1:16.625,2.144,15th,1:21.821 (Q2),,valtteri bottas
8,10,British GP,DNF,DNF (Gearbox),12th,1:35.103,4.593,12th,1:44.232 (Q2),3.249,10,12th,+25.830,20th,1:31.852,1.577,15th,1:29.798 (Q1),3.078,valtteri bottas
9,11,Austrian GP,11th,+1 Lap,12th,1:09.266,1.991,12th,1:06.319 (Q2),1.335,9,15th,+1 Lap,14th,1:09.852,2.84,14th,1:05.680 (Q2),1.289,valtteri bottas
10,13,Hungarian GP,20th,Power Unit,8th,1:24.002,2.616,8th,1:18.157 (Q3),0.78,11,12th,+1 Lap,7th,1:23.651,3.147,7th,1:17.034 (Q3),0.425,valtteri bottas
11,14,Belgian GP,DNF,DNF (Accident),13th,,,20th,1:47.866 (Q1),4.201,12,12th,+1:25.191,13th,,,14th,1:54.694 (Q2),8.526,valtteri bottas
12,15,Dutch GP,DNF,DNF (Engine),16th,1:16.844,3.192,16th,1:11.961 (Q1),1.619,13,14th,+27.388,18th,1:14.698,0.861,19th,1:22.260 (Q1),11.693,valtteri bottas
13,16,Italian GP,13th,+1 Lap,15th,1:25.706,1.676,12th,1:22.235 (Q2),2.074,14,10th,+1:04.056,14th,1:25.988,0.916,14th,1:21.940 (Q2),1.646,valtteri bottas
14,17,Singapore GP,11th,+1:28.844,15th,1:51.864,5.406,16th,1:56.083 (Q1),6.671,15,DNF,DNF (Technical),16th,1:38.075,2.208,16th,1:32.809 (Q1),1.825,valtteri bottas
15,18,Japanese GP,15th,+1:26.496,12th,1:47.820,3.409,12th,1:30.709 (Q2),1.405,16,DNF,DNF (Retired),16th,2:02.755,28.572,16th,1:31.049 (Q1),2.172,valtteri bottas
16,19,United States GP,DNF,DNF (Spun off),7th,1:43.391,4.603,10th,1:36.319 (Q3),1.963,18,12th,+1:38.601,13th,1:41.972,3.833,13th,1:35.858 (Q2),1.135,valtteri bottas
17,20,Mexico City GP,10th,+1 Lap,6th,1:23.363,3.21,6th,1:18.401 (Q3),0.626,19,15th,+1:25.597,9th,1:23.166,1.832,9th,1:18.032 (Q3),0.866,valtteri bottas
18,22,Abu Dhabi GP,15th,+1 Lap,18th,1:30.352,1.961,18th,1:25.892 (Q1),2.068,22,19th,+1 Lap,18th,1:29.863,2.87,18th,1:24.788 (Q1),1.343,valtteri bottas
0,1,Bahrain GP,DNF,DNF (Engine),10th,1:37.324,2.754,10th,1:32.338 (Q3),1.78,1,9th,+1:13.753,20th,,,20th,1:32.181 (Q1),2.473,pierre gasly
1,2,Saudi Arabian GP,8th,+1:02.946,9th,1:33.468,1.834,9th,1:29.254 (Q3),1.054,2,9th,+54.747,9th,,,10th,1:29.357 (Q3),1.092,pierre gasly
2,3,Australian GP,9th,+1:16.221,11th,1:22.731,2.471,11th,1:19.226 (Q2),1.358,3,13th,Collision,9th,1:20.995,0.76,9th,1:17.675 (Q3),0.943,pierre gasly
3,5,Miami GP,DNF,DNF (Suspension),7th,1:34.487,3.126,7th,1:29.690 (Q3),0.894,5,8th,+55.670,5th,1:31.971,2.263,5th,1:27.786 (Q3),0.945,pierre gasly
4,6,Spanish GP,13th,+1 Lap,14th,1:26.987,2.879,14th,1:20.861 (Q2),2.111,7,10th,+1:13.530,10th,1:18.375,2.045,4th,1:12.816 (Q3),0.544,pierre gasly
5,7,Monaco GP,11th,+54.289,17th,1:17.344,2.651,17th,1:13.660 (Q1),2.284,6,7th,+1:02.362,7th,1:15.831,0.181,7th,1:11.933 (Q3),0.568,pierre gasly
6,8,Azerbaijan GP,5th,+1:17.299,6th,1:48.519,2.473,6th,1:42.845 (Q3),1.486,4,14th,+1:31.332,17th,1:45.540,2.17,19th,1:44.853 (Q1),4.65,pierre gasly
7,9,Canadian GP,14th,+45.183,15th,1:17.810,2.061,16th,1:34.492 (Q1),13.193,8,12th,+1:05.249,15th,1:16.425,1.944,17th,1:22.886 (Q1),,pierre gasly
8,10,British GP,DNF,DNF (Collision damage),11th,1:34.614,4.104,11th,1:43.702 (Q2),2.719,10,DNF,DNF (Collision damage),10th,1:31.539,1.264,10th,1:27.689 (Q3),0.969,pierre gasly
9,11,Austrian GP,15th,+1 Lap,10th,1:10.104,2.829,10th,1:06.160 (Q2),1.176,9,10th,+1:07.667,9th,1:08.463,1.451,9th,1:05.170 (Q3),0.779,pierre gasly
10,13,Hungarian GP,12th,+1 Lap,20th,1:23.199,1.813,19th,1:19.527 (Q1),2.15,11,DNF,DNF (Collision damage),15th,,,15th,1:18.217 (Q2),1.608,pierre gasly
11,14,Belgian GP,9th,+1:32.181,Pitlane,1:53.002,3.648,12th,1:45.827 (Q2),2.162,12,11th,+1:23.084,12th,,,12th,1:53.671 (Q2),7.503,pierre gasly
12,15,Dutch GP,11th,+27.009,11th,1:15.165,1.513,11th,1:11.512 (Q2),1.17,13,3rd,+7.058,12th,1:14.441,0.604,12th,1:20.128 (Q2),9.561,pierre gasly
13,16,Italian GP,8th,+6.396,5th,1:26.718,2.688,9th,1:22.648 (Q3),2.487,14,15th,+1:22.510,17th,1:25.758,0.686,17th,1:22.545 (Q1),2.251,pierre gasly
14,17,Singapore GP,10th,+1:09.576,7th,1:50.569,4.111,7th,1:51.211 (Q3),1.799,15,6th,+38.441,12th,1:38.277,2.41,12th,1:32.274 (Q2),1.29,pierre gasly
15,18,Japanese GP,18th,+1:48.091,17th,1:46.545,2.134,17th,1:31.322 (Q1),2.018,16,10th,+1:23.155,12th,1:36.371,2.188,12th,1:30.509 (Q2),1.632,pierre gasly
16,19,United States GP,14th,+1:21.763,11th,1:41.674,2.886,13th,1:36.740 (Q2),2.384,18,6th,+47.996,7th,1:40.412,2.273,7th,1:35.089 (Q3),0.366,pierre gasly
17,20,Mexico City GP,11th,+1 Lap,14th,1:22.277,2.124,14th,1:19.672 (Q2),1.897,19,11th,+1:06.208,11th,1:23.230,1.896,11th,1:18.521 (Q2),1.355,pierre gasly
18,22,Abu Dhabi GP,14th,+1 Lap,17th,1:31.081,2.69,17th,1:25.859 (Q1),2.035,22,13th,+1:10.360,10th,1:29.016,2.023,10th,1:24.548 (Q3),1.103,pierre gasly
0,1,Bahrain GP,3rd,+9.675,5th,1:36.228,1.658,5th,1:31.238 (Q3),0.68,1,5th,+50.977,7th,,,7th,1:30.384 (Q3),0.676,lewis hamilton
1,2,Saudi Arabian GP,10th,+1:13.948,15th,1:32.997,1.363,16th,1:30.343 (Q1),2.143,2,5th,+31.065,7th,,,8th,1:29.223 (Q3),0.958,lewis hamilton
2,3,Australian GP,4th,+28.543,5th,1:21.886,1.626,5th,1:18.825 (Q3),0.957,3,2nd,+0.179,3rd,1:20.613,0.378,3rd,1:17.104 (Q3),0.372,lewis hamilton
3,5,Miami GP,6th,+21.368,6th,1:32.941,1.58,6th,1:29.625 (Q3),0.829,5,6th,+8.738,13th,1:30.669,0.961,13th,1:27.975 (Q2),1.134,lewis hamilton
4,6,Spanish GP,5th,+54.534,6th,1:24.253,0.145,6th,1:19.512 (Q3),0.762,7,2nd,+24.090,4th,1:16.676,0.346,5th,1:12.818 (Q3),0.546,lewis hamilton
5,7,Monaco GP,8th,+50.388,8th,1:17.203,2.51,8th,1:12.560 (Q3),1.184,6,4th,+2.072,5th,1:15.650,,6th,1:11.725 (Q3),0.36,lewis hamilton
6,8,Azerbaijan GP,4th,+1:11.679,7th,1:47.044,0.998,7th,1:42.924 (Q3),1.565,4,6th,+0.654,5th,1:45.346,1.976,5th,1:41.177 (Q3),0.974,lewis hamilton
7,9,Canadian GP,3rd,+7.006,4th,1:16.167,0.418,4th,1:22.891 (Q3),1.592,8,3rd,+4.598,3rd,1:15.396,0.915,4th,1:27.627 (Q3),1.769,lewis hamilton
8,10,British GP,3rd,+6.225,5th,1:30.510,,5th,1:41.995 (Q3),1.012,10,3rd,+6.783,7th,1:30.545,0.27,7th,1:27.211 (Q3),0.491,lewis hamilton
9,11,Austrian GP,3rd,+41.217,9th,1:09.000,1.725,9th,1:13.151 (Q3),8.167,9,8th,+49.196,5th,1:09.283,2.271,5th,1:04.819 (Q3),0.428,lewis hamilton
10,13,Hungarian GP,2nd,+7.834,7th,1:21.386,,7th,1:18.142 (Q3),0.765,11,4th,+39.134,1st,1:21.601,1.097,1st,1:16.609 (Q3),,lewis hamilton
11,14,Belgian GP,DNF,DNF (Collision damage),4th,,,7th,1:45.503 (Q3),1.838,12,4th,+49.671,3rd,,,4th,1:47.087 (Q3),0.919,lewis hamilton
12,15,Dutch GP,4th,+13.016,4th,1:13.854,0.202,4th,1:10.648 (Q3),0.306,13,6th,+13.209,13th,1:13.904,0.067,13th,1:20.151 (Q2),9.584,lewis hamilton
13,16,Italian GP,5th,+5.380,19th,1:24.434,0.404,5th,1:21.524 (Q3),1.363,14,6th,+42.679,8th,1:25.582,0.51,8th,1:20.820 (Q3),0.526,lewis hamilton
14,17,Singapore GP,9th,+1:01.515,3rd,1:50.622,4.164,3rd,1:49.466 (Q3),0.054,15,3rd,+1.269,5th,1:35.867,,5th,1:31.485 (Q3),0.501,lewis hamilton
15,18,Japanese GP,5th,+40.326,6th,1:45.530,1.119,6th,1:30.261 (Q3),0.957,16,5th,+49.376,7th,1:35.611,1.428,7th,1:29.908 (Q3),1.031,lewis hamilton
16,19,United States GP,2nd,+5.023,3rd,1:39.830,1.042,5th,1:34.947 (Q3),0.591,18,19th,Disqualified,1st,1:39.582,1.443,3rd,1:34.862 (Q3),0.139,lewis hamilton
17,20,Mexico City GP,2nd,+15.186,3rd,1:22.062,1.909,3rd,1:18.084 (Q3),0.309,19,2nd,+13.875,6th,1:21.334,,6th,1:17.454 (Q3),0.288,lewis hamilton
18,22,Abu Dhabi GP,18th,Gearbox,5th,1:29.788,1.397,5th,1:24.508 (Q3),0.684,22,9th,+44.424,11th,1:28.372,1.379,11th,1:24.359 (Q2),0.914,lewis hamilton
0,1,Bahrain GP,17th,+1:03.829,17th,1:38.201,3.631,17th,1:32.777 (Q1),2.219,1,15th,+1 Lap,10th,,,10th,1:30.809 (Q2),1.101,nico hulkenberg
1,2,Saudi Arabian GP,12th,+1:31.742,17th,1:33.651,2.017,18th,1:30.543 (Q1),2.343,2,12th,+1:10.588,10th,,,11th,1:29.451 (Q2),1.186,nico hulkenberg
0,1,Bahrain GP,1st,1:37:33.584,1st,1:34.570,,1st,1:30.558 (Q3),,1,DNF,DNF (Engine),3rd,,,3rd,1:30.000 (Q3),0.292,charles leclerc
1,2,Saudi Arabian GP,2nd,+0.549,2nd,1:31.634,,2nd,1:28.225 (Q3),0.025,2,7th,+43.162,12th,,,2nd,1:28.420 (Q3),0.155,charles leclerc
2,3,Australian GP,1st,1:27:46.548,1st,1:20.260,,1st,1:17.868 (Q3),,3,DNF,DNF (Collision),7th,,,7th,1:17.369 (Q3),0.637,charles leclerc
3,5,Miami GP,2nd,+3.786,1st,1:31.488,0.127,1st,1:28.796 (Q3),,5,7th,+52.988,7th,1:31.434,1.726,7th,1:27.861 (Q3),1.02,charles leclerc
4,6,Spanish GP,DNF,DNF (Power Unit),1st,1:27.030,2.922,1st,1:18.750 (Q3),,7,11th,+1:14.419,19th,1:18.357,2.027,19th,1:14.079 (Q1),1.807,charles leclerc
5,7,Monaco GP,4th,+2.922,1st,1:16.249,1.556,1st,1:11.376 (Q3),,6,6th,+1:01.890,6th,1:15.773,0.123,3rd,1:11.471 (Q3),0.106,charles leclerc
6,8,Azerbaijan GP,DNF,DNF (Power Unit),1st,1:47.531,1.485,1st,1:41.359 (Q3),,4,3rd,+21.217,1st,1:44.561,1.191,1st,1:40.203 (Q3),,charles leclerc
7,9,Canadian GP,5th,+15.168,19th,1:15.901,0.152,15th,1:33.008 (Q1),11.709,8,4th,+18.648,10th,1:15.907,1.426,11th,1:20.615 (Q2),,charles leclerc
8,10,British GP,4th,+8.546,3rd,1:31.282,0.772,3rd,1:41.298 (Q3),0.315,10,9th,+18.689,4th,1:31.255,0.98,4th,1:27.136 (Q3),0.416,charles leclerc
9,11,Austrian GP,1st,1:24:24.312,2nd,1:07.583,0.308,2nd,1:05.013 (Q3),0.029,9,2nd,+5.155,2nd,1:08.820,1.808,2nd,1:04.439 (Q3),0.048,charles leclerc
10,13,Hungarian GP,6th,+16.047,3rd,1:21.622,0.236,3rd,1:17.567 (Q3),0.19,11,7th,+1:10.317,6th,1:22.469,1.965,6th,1:16.992 (Q3),0.383,charles leclerc
11,14,Belgian GP,6th,+1:14.936,15th,1:49.984,0.63,4th,1:44.553 (Q3),0.888,12,3rd,+32.259,1st,,,2nd,1:46.988 (Q3),0.82,charles leclerc
12,15,Dutch GP,3rd,+10.929,2nd,1:14.413,0.761,2nd,1:10.363 (Q3),0.021,13,DNF,DNF (Undertray),9th,1:17.277,3.44,9th,1:12.665 (Q3),2.098,charles leclerc
13,16,Italian GP,2nd,+2.446,1st,1:24.336,0.306,1st,1:20.161 (Q3),,14,4th,+11.377,3rd,1:25.580,0.508,3rd,1:20.361 (Q3),0.067,charles leclerc
14,17,Singapore GP,2nd,+2.595,1st,1:48.753,2.295,1st,1:49.412 (Q3),,15,4th,+21.177,3rd,1:38.275,2.408,3rd,1:31.063 (Q3),0.079,charles leclerc
15,18,Japanese GP,3rd,+31.763,2nd,1:44.489,0.078,2nd,1:29.314 (Q3),0.01,16,4th,+43.998,4th,1:36.362,2.179,4th,1:29.542 (Q3),0.665,charles leclerc
16,19,United States GP,3rd,+7.501,12th,1:39.731,0.943,2nd,1:34.421 (Q3),0.065,18,20th,Disqualified,3rd,,,1st,1:34.723 (Q3),,charles leclerc
17,20,Mexico City GP,6th,+1:08.774,7th,1:22.603,2.45,7th,1:18.555 (Q3),0.78,19,3rd,+23.124,1st,1:22.332,0.998,1st,1:17.166 (Q3),,charles leclerc
18,22,Abu Dhabi GP,2nd,+8.771,3rd,1:29.719,1.328,3rd,1:24.092 (Q3),0.268,22,2nd,+17.993,2nd,1:28.199,1.206,2nd,1:23.584 (Q3),0.139,charles leclerc
0,1,Bahrain GP,5th,+14.754,7th,1:36.623,2.053,7th,1:31.808 (Q3),1.25,1,13th,+1 Lap,17th,,,17th,1:31.892 (Q1),2.184,kevin magnussen
1,2,Saudi Arabian GP,9th,+1:04.308,10th,1:32.779,1.145,10th,1:29.588 (Q3),1.388,2,10th,+1:04.826,13th,,,13th,1:29.634 (Q2),1.369,kevin magnussen
2,3,Australian GP,14th,+1 Lap,16th,1:23.071,2.811,17th,1:20.254 (Q1),2.386,3,17th,Accident,14th,1:21.685,1.45,14th,1:18.129 (Q2),1.397,kevin magnussen
3,5,Miami GP,16th,Front wing,16th,1:33.511,2.15,16th,1:30.975 (Q1),2.179,5,10th,+1:02.945,4th,1:31.691,1.983,4th,1:27.767 (Q3),0.926,kevin magnussen
4,6,Spanish GP,17th,+2 Laps,8th,1:27.537,3.429,8th,1:19.682 (Q3),0.932,7,18th,+1 Lap,17th,1:18.069,1.739,17th,1:14.042 (Q1),1.77,kevin magnussen
5,7,Monaco GP,DNF,DNF (Water pressure),13th,1:33.754,19.061,13th,1:12.921 (Q2),1.545,6,DNF,DNF (Collision damage),17th,1:18.351,2.701,17th,1:13.270 (Q1),1.905,kevin magnussen
6,8,Azerbaijan GP,DNF,DNF (Power Unit),16th,1:48.789,2.743,16th,1:44.643 (Q1),3.284,4,13th,+1:29.729,16th,1:45.850,2.48,18th,1:43.417 (Q1),3.214,kevin magnussen
7,9,Canadian GP,17th,+1:08.180,5th,1:18.046,2.297,5th,1:22.960 (Q3),1.661,8,17th,+1 Lap,13th,1:16.126,1.645,14th,1:21.678 (Q2),,kevin magnussen
8,10,British GP,10th,+24.590,17th,1:32.661,2.151,17th,1:42.159 (Q1),1.176,10,DNF,DNF (Engine),19th,1:33.356,3.081,20th,1:32.378 (Q1),5.658,kevin magnussen
9,11,Austrian GP,8th,+1 Lap,6th,1:09.938,2.663,6th,1:05.879 (Q3),0.895,9,18th,+1 Lap,Pitlane,1:09.620,2.608,19th,1:05.971 (Q1),1.58,kevin magnussen
10,13,Hungarian GP,16th,+1 Lap,13th,1:23.511,2.125,13th,1:18.825 (Q2),1.448,11,17th,+1 Lap,19th,1:23.864,3.36,19th,1:19.206 (Q1),2.597,kevin magnussen
11,14,Belgian GP,16th,+1 Lap,12th,1:53.332,3.978,18th,1:46.557 (Q1),2.892,12,15th,+1:41.754,16th,,,13th,1:54.160 (Q2),7.992,kevin magnussen
12,15,Dutch GP,15th,+36.869,18th,1:15.369,1.717,18th,1:12.319 (Q1),1.977,13,16th,+31.410,Pitlane,1:15.489,1.652,18th,1:22.192 (Q1),11.625,kevin magnussen
13,16,Italian GP,16th,+1 Lap,16th,1:26.798,2.768,19th,1:22.908 (Q1),2.747,14,18th,+1 Lap,19th,1:26.278,1.206,19th,1:22.592 (Q1),2.298,kevin magnussen
14,17,Singapore GP,12th,+1:32.610,9th,1:52.067,5.609,9th,1:51.573 (Q3),2.161,15,10th,+1:12.116,6th,1:38.107,2.24,6th,1:31.575 (Q3),0.591,kevin magnussen
15,18,Japanese GP,14th,+1:26.016,18th,1:48.072,3.661,18th,1:31.352 (Q1),2.048,16,15th,+1 Lap,15th,1:37.842,3.659,15th,1:30.665 (Q2),1.788,kevin magnussen
16,19,United States GP,9th,+1:05.834,13th,1:42.546,3.758,16th,1:36.949 (Q1),2.593,18,14th,+1 Lap,Pitlane,1:41.506,3.367,14th,1:35.880 (Q2),1.157,kevin magnussen
17,20,Mexico City GP,17th,+1 Lap,19th,1:23.300,3.147,15th,1:19.833 (Q2),2.058,19,DNF,DNF (Accident),16th,1:23.146,1.812,17th,1:19.163 (Q1),1.997,kevin magnussen
18,22,Abu Dhabi GP,17th,+1 Lap,16th,1:31.158,2.767,16th,1:25.834 (Q1),2.01,22,20th,+1 Lap,17th,1:29.934,2.941,17th,1:24.764 (Q1),1.319,kevin magnussen
0,1,Bahrain GP,15th,+56.335,13th,1:36.988,2.418,13th,1:32.008 (Q2),1.45,1,17th,+2 Laps,11th,,,11th,1:31.381 (Q2),1.673,lando norris
1,2,Saudi Arabian GP,7th,+56.124,11th,1:32.753,1.119,11th,1:29.651 (Q2),1.451,2,17th,+1:26.445,19th,,,19th,1:30.447 (Q1),2.182,lando norris
2,3,Australian GP,5th,+53.303,4th,1:22.248,1.988,4th,1:18.703 (Q3),0.835,3,6th,+3.701,13th,1:21.173,0.938,13th,1:18.119 (Q2),1.387,lando norris
3,5,Miami GP,DNF,DNF (Collision),8th,1:33.411,2.05,8th,1:29.750 (Q3),0.954,5,17th,+1:27.717,16th,1:32.401,2.693,16th,1:28.394 (Q1),1.553,lando norris
4,6,Spanish GP,8th,+1:23.235,11th,1:25.619,1.511,11th,1:20.471 (Q2),1.721,7,17th,+1 Lap,3rd,1:17.182,0.852,3rd,1:12.792 (Q3),0.52,lando norris
5,7,Monaco GP,6th,+12.231,5th,1:14.693,,5th,1:11.849 (Q3),0.473,6,9th,+1 Lap,10th,1:17.844,2.194,10th,1:12.254 (Q3),0.889,lando norris
6,8,Azerbaijan GP,9th,+1:32.556,11th,1:47.997,1.951,11th,1:43.398 (Q2),2.039,4,9th,+1:20.376,7th,1:45.738,2.368,7th,1:41.281 (Q3),1.078,lando norris
7,9,Canadian GP,15th,+52.145,14th,1:17.495,1.746,14th,1:34.066 (Q1),12.767,8,13th,+1:08.363,7th,1:16.374,1.893,7th,1:28.046 (Q3),2.188,lando norris
8,10,British GP,6th,+11.943,6th,1:31.645,1.135,6th,1:42.084 (Q3),1.101,10,2nd,+3.798,2nd,1:30.543,0.268,2nd,1:26.961 (Q3),0.241,lando norris
9,11,Austrian GP,7th,+1 Lap,15th,1:09.304,2.029,15th,1:25.847 (Q2),20.863,9,4th,+26.327,4th,1:08.880,1.868,4th,1:04.658 (Q3),0.267,lando norris
10,13,Hungarian GP,7th,+1:18.300,4th,1:23.043,1.657,4th,1:17.769 (Q3),0.392,11,2nd,+33.731,3rd,1:22.178,1.674,3rd,1:16.694 (Q3),0.085,lando norris
11,14,Belgian GP,12th,+1:44.739,17th,1:51.678,2.324,10th,1:46.178 (Q3),2.513,12,7th,+1:13.719,7th,,,7th,1:47.669 (Q3),1.501,lando norris
12,15,Dutch GP,7th,+19.306,7th,1:14.706,1.054,7th,1:11.174 (Q3),0.832,13,7th,+13.232,2nd,1:14.390,0.553,2nd,1:11.104 (Q3),0.537,lando norris
13,16,Italian GP,7th,+6.207,3rd,1:24.718,0.688,7th,1:21.584 (Q3),1.423,14,8th,+45.449,9th,1:26.144,1.072,9th,1:20.979 (Q3),0.685,lando norris
14,17,Singapore GP,4th,+21.133,6th,1:49.212,2.754,6th,1:50.584 (Q3),1.172,15,2nd,+0.812,4th,1:38.046,2.179,4th,1:31.270 (Q3),0.286,lando norris
15,18,Japanese GP,10th,+1:10.782,10th,1:48.175,3.764,10th,1:31.003 (Q3),1.699,16,2nd,+19.387,3rd,1:35.247,1.064,3rd,1:29.493 (Q3),0.616,lando norris
16,19,United States GP,6th,+53.785,6th,1:41.322,2.534,8th,1:35.690 (Q3),1.334,18,2nd,+10.730,2nd,1:39.985,1.846,2nd,1:34.853 (Q3),0.13,lando norris
17,20,Mexico City GP,9th,+1 Lap,8th,1:23.402,3.249,8th,1:18.721 (Q3),0.946,19,5th,+33.266,17th,1:21.944,0.61,19th,1:21.554 (Q1),4.388,lando norris
18,22,Abu Dhabi GP,6th,+56.234,7th,1:28.391,,7th,1:24.769 (Q3),0.945,22,5th,+24.284,5th,1:28.164,1.171,5th,1:23.816 (Q3),0.371,lando norris
0,1,Bahrain GP,7th,+19.423,11th,1:37.110,2.54,11th,1:31.782 (Q2),1.224,1,DNF,DNF (Mechanical),9th,,,9th,1:30.984 (Q3),1.276,esteban ocon
1,2,Saudi Arabian GP,6th,+56.017,5th,1:33.103,1.469,5th,1:29.068 (Q3),0.868,2,8th,+52.832,6th,,,7th,1:29.078 (Q3),0.813,esteban ocon
2,3,Australian GP,7th,+1:01.683,8th,1:22.469,2.209,8th,1:19.061 (Q3),1.193,3,14th,Collision,11th,1:21.203,0.968,11th,1:17.768 (Q2),1.036,esteban ocon
3,5,Miami GP,8th,+28.386,20th,1:33.163,1.802,20th,No time set,,5,9th,+58.123,8th,1:31.143,1.435,8th,1:27.935 (Q3),1.094,esteban ocon
4,6,Spanish GP,7th,+1:15.397,12th,1:25.935,1.827,12th,1:20.638 (Q2),1.888,7,8th,+1:09.242,6th,1:18.946,2.616,7th,1:13.083 (Q3),0.811,esteban ocon
5,7,Monaco GP,12th,+55.644,10th,1:17.571,2.878,10th,1:13.047 (Q3),1.671,6,3rd,+36.990,3rd,1:16.528,0.878,4th,1:11.553 (Q3),0.188,esteban ocon
6,8,Azerbaijan GP,10th,+15.628,13th,1:48.297,2.251,13th,1:43.585 (Q2),2.226,4,15th,+1:37.794,Pitlane,1:45.908,2.538,12th,1:41.798 (Q2),1.595,esteban ocon
7,9,Canadian GP,6th,+23.890,7th,1:17.110,1.361,7th,1:23.529 (Q3),2.23,8,8th,+1:01.692,6th,1:16.782,2.301,6th,1:27.945 (Q3),2.087,esteban ocon
8,10,British GP,DNF,DNF (Fuel pump),15th,1:33.537,3.027,15th,1:45.190 (Q2),4.207,10,DNF,DNF (Oil leak),13th,1:33.941,3.666,13th,1:28.956 (Q2),2.236,esteban ocon
9,11,Austrian GP,5th,+1:08.436,5th,1:09.559,2.284,5th,1:05.726 (Q3),0.742,9,14th,+1 Lap,12th,1:09.786,2.774,12th,1:05.453 (Q2),1.062,esteban ocon
10,13,Hungarian GP,9th,+1 Lap,5th,1:24.149,2.763,5th,1:18.018 (Q3),0.641,11,DNF,DNF (Collision damage),12th,,,12th,1:17.841 (Q2),1.232,esteban ocon
11,14,Belgian GP,7th,+1:15.640,16th,1:51.717,2.363,5th,1:45.180 (Q3),1.515,12,8th,+1:14.719,14th,,,15th,1:56.372 (Q2),10.204,esteban ocon
12,15,Dutch GP,9th,+21.117,12th,1:15.084,1.432,12th,1:11.605 (Q2),1.263,13,10th,+18.346,16th,1:14.570,0.733,17th,1:22.110 (Q1),11.543,esteban ocon
13,16,Italian GP,11th,+8.323,14th,1:26.593,2.563,11th,1:22.130 (Q2),1.969,14,DNF,DNF (Steering),18th,1:26.963,1.891,18th,1:22.548 (Q1),2.254,esteban ocon
14,17,Singapore GP,DNF,DNF (Retired),17th,2:01.105,14.647,18th,1:56.337 (Q1),6.925,15,DNF,DNF (Gearbox),8th,1:39.930,4.063,8th,1:31.673 (Q3),0.689,esteban ocon
15,18,Japanese GP,4th,+39.685,5th,1:46.559,2.148,5th,1:30.165 (Q3),0.861,16,9th,+1:19.678,14th,1:37.398,3.215,14th,1:30.586 (Q2),1.709,esteban ocon
16,19,United States GP,11th,+1:12.875,Pitlane,1:41.243,2.455,18th,1:37.068 (Q1),2.712,18,DNF,DNF (Collision damage),8th,1:44.789,6.65,8th,1:35.154 (Q3),0.431,esteban ocon
17,20,Mexico City GP,8th,+1 Lap,10th,1:23.279,3.126,10th,1:19.010 (Q3),1.235,19,10th,+1:02.879,15th,1:22.976,1.642,16th,1:19.080 (Q1),1.914,esteban ocon
18,22,Abu Dhabi GP,7th,+57.240,8th,1:29.333,0.942,8th,1:24.830 (Q3),1.006,22,12th,+1:06.373,12th,1:30.033,3.04,12th,1:24.391 (Q2),0.946,esteban ocon
0,1,Bahrain GP,18th,Engine,4th,1:36.089,1.519,4th,1:30.921 (Q3),0.363,1,2nd,+11.987,2nd,,,2nd,1:29.846 (Q3),0.138,sergio perez
1,2,Saudi Arabian GP,4th,+10.800,1st,1:32.042,0.408,1st,1:28.200 (Q3),,2,1st,1:21:14.894,1st,,,1st,1:28.265 (Q3),,sergio perez
2,3,Australian GP,2nd,+20.524,3rd,1:21.094,0.834,3rd,1:18.240 (Q3),0.372,3,5th,+3.320,Pitlane,1:20.235,,20th,No time set,,sergio perez
3,5,Miami GP,4th,+10.638,4th,1:31.819,0.458,4th,1:29.036 (Q3),0.24,5,2nd,+5.384,1st,1:30.560,0.852,1st,1:26.841 (Q3),,sergio perez
4,6,Spanish GP,2nd,+13.072,5th,1:24.108,,5th,1:19.420 (Q3),0.67,7,4th,+35.812,11th,1:16.666,0.336,11th,1:13.334 (Q2),1.062,sergio perez
5,7,Monaco GP,1st,1:56:30.265,3rd,1:16.028,1.335,3rd,1:11.629 (Q3),0.253,6,16th,+2 Laps,20th,1:16.269,0.619,20th,1:13.850 (Q1),2.485,sergio perez
6,8,Azerbaijan GP,2nd,+20.823,2nd,1:46.046,,2nd,1:41.641 (Q3),0.282,4,1st,1:32:42.436,3rd,1:44.589,1.219,3rd,1:40.495 (Q3),0.292,sergio perez
7,9,Canadian GP,DNF,DNF (Gearbox),13th,1:18.844,3.095,13th,1:33.127 (Q2),11.828,8,6th,+51.028,12th,1:14.481,,12th,1:20.959 (Q2),,sergio perez
8,10,British GP,2nd,+3.779,4th,1:30.937,0.427,4th,1:41.616 (Q3),0.633,10,6th,+12.882,15th,1:30.914,0.639,16th,1:29.968 (Q1),3.248,sergio perez
9,11,Austrian GP,DNF,DNF (Collision damage),13th,1:11.843,4.568,13th,1:06.458 (Q2),1.474,9,3rd,+17.188,15th,1:08.111,1.099,15th,2:06.688 (Q2),62.297,sergio perez
10,13,Hungarian GP,5th,+15.688,11th,1:21.940,0.554,11th,1:18.516 (Q2),1.139,11,3rd,+37.603,9th,1:22.295,1.791,9th,1:17.045 (Q3),0.436,sergio perez
11,14,Belgian GP,2nd,+17.841,2nd,1:50.764,1.41,3rd,1:44.462 (Q3),0.797,12,2nd,+22.305,2nd,,,3rd,1:47.045 (Q3),0.877,sergio perez
12,15,Dutch GP,5th,+18.168,5th,1:14.404,0.752,5th,1:11.077 (Q3),0.735,13,4th,+10.068,7th,1:14.231,0.394,7th,1:11.880 (Q3),1.313,sergio perez
13,16,Italian GP,6th,+6.091,13th,1:24.030,,4th,1:21.206 (Q3),1.045,14,2nd,+6.064,5th,1:25.522,0.45,5th,1:20.688 (Q3),0.394,sergio perez
14,17,Singapore GP,1st,2:02:20.238,2nd,1:48.165,1.707,2nd,1:49.434 (Q3),0.022,15,8th,+59.534,13th,1:37.108,1.241,13th,1:32.310 (Q2),1.326,sergio perez
15,18,Japanese GP,2nd,+27.066,4th,1:46.120,1.709,4th,1:29.709 (Q3),0.405,16,DNF,DNF (Retired),5th,1:39.704,5.521,5th,1:29.650 (Q3),0.773,sergio perez
16,19,United States GP,4th,+8.293,9th,1:39.563,0.775,4th,1:34.645 (Q3),0.289,18,4th,+18.460,9th,1:39.737,1.598,9th,1:35.173 (Q3),0.45,sergio perez
17,20,Mexico City GP,3rd,+18.097,4th,1:21.775,1.622,4th,1:18.128 (Q3),0.353,19,DNF,DNF (Collision damage),5th,,,5th,1:17.423 (Q3),0.257,sergio perez
18,22,Abu Dhabi GP,3rd,+10.093,2nd,1:28.972,0.581,2nd,1:24.052 (Q3),0.228,22,4th,+21.453,9th,1:27.493,0.5,9th,1:24.171 (Q3),0.726,sergio perez
0,13,Hungarian GP,15th,+1 Lap,9th,1:23.654,2.268,9th,1:18.379 (Q3),1.002,11,13th,+1 Lap,13th,1:23.934,3.43,13th,1:18.002 (Q2),1.393,daniel ricciardo
1,14,Belgian GP,15th,+1:47.163,7th,1:53.080,3.726,11th,1:45.767 (Q2),2.102,12,16th,+1:43.071,19th,,,19th,2:02.159 (Q1),15.991,daniel ricciardo
2,19,United States GP,16th,+1:30.487,15th,1:42.420,3.632,17th,1:37.046 (Q1),2.69,18,15th,+1 Lap,14th,1:39.366,1.227,15th,1:35.974 (Q2),1.251,daniel ricciardo
3,20,Mexico City GP,7th,+1 Lap,11th,1:22.022,1.869,11th,1:19.325 (Q2),1.55,19,7th,+41.570,4th,1:22.679,1.345,4th,1:17.382 (Q3),0.216,daniel ricciardo
4,22,Abu Dhabi GP,9th,+1:23.268,13th,1:30.785,2.394,10th,1:25.045 (Q3),1.221,22,11th,+56.229,15th,1:28.571,1.578,15th,1:24.442 (Q2),0.997,daniel ricciardo
0,1,Bahrain GP,4th,+11.211,9th,1:36.302,1.732,9th,1:32.216 (Q3),1.658,1,7th,+55.873,6th,,,6th,1:30.340 (Q3),0.632,george russell
1,2,Saudi Arabian GP,5th,+32.732,6th,1:32.821,1.187,6th,1:29.104 (Q3),0.904,2,4th,+25.866,3rd,,,4th,1:28.857 (Q3),0.592,george russell
2,3,Australian GP,3rd,+25.593,6th,1:21.495,1.235,6th,1:18.933 (Q3),1.065,3,DNF,DNF (Engine),2nd,1:22.680,2.445,2nd,1:16.968 (Q3),0.236,george russell
3,5,Miami GP,5th,+18.582,12th,1:32.195,0.834,12th,1:30.173 (Q2),1.377,5,4th,+6.924,6th,1:31.015,1.307,6th,1:27.804 (Q3),0.963,george russell
4,6,Spanish GP,3rd,+32.927,4th,1:24.636,0.528,4th,1:19.393 (Q3),0.643,7,3rd,+32.389,12th,1:17.875,1.545,12th,1:13.447 (Q2),1.175,george russell
5,7,Monaco GP,5th,+11.968,6th,1:16.830,2.137,6th,1:12.112 (Q3),0.736,6,5th,+17.222,8th,1:16.798,1.148,8th,1:11.964 (Q3),0.599,george russell
6,8,Azerbaijan GP,3rd,+45.995,5th,1:47.177,1.131,5th,1:42.712 (Q3),1.353,4,8th,+22.623,11th,1:43.370,,11th,1:41.654 (Q2),1.451,george russell
7,9,Canadian GP,4th,+12.313,8th,1:16.418,0.669,8th,1:23.557 (Q3),2.258,8,DNF,DNF (Brakes),4th,1:17.097,2.616,5th,1:27.893 (Q3),2.035,george russell
8,10,British GP,DNF,DNF (Collision),8th,,,8th,1:42.161 (Q3),1.178,10,5th,+11.206,6th,1:31.124,0.849,6th,1:27.155 (Q3),0.435,george russell
9,11,Austrian GP,4th,+58.972,4th,1:09.075,1.8,4th,1:05.431 (Q3),0.447,9,7th,+48.403,11th,1:09.160,2.148,11th,1:05.428 (Q2),1.037,george russell
10,13,Hungarian GP,3rd,+12.337,1st,1:22.766,1.38,1st,1:17.377 (Q3),,11,6th,+1:05.825,18th,1:22.158,1.654,18th,1:19.027 (Q1),2.418,george russell
11,14,Belgian GP,4th,+29.140,5th,1:50.793,1.439,8th,1:45.776 (Q3),2.111,12,6th,+1:03.101,8th,,,8th,1:47.805 (Q3),1.637,george russell
12,15,Dutch GP,2nd,+4.071,6th,1:13.671,0.019,6th,1:11.147 (Q3),0.805,13,17th,+55.754,3rd,1:15.124,1.287,3rd,1:11.294 (Q3),0.727,george russell
13,16,Italian GP,3rd,+3.405,2nd,1:25.288,1.258,6th,1:21.542 (Q3),1.381,14,5th,+23.028,4th,1:25.847,0.775,4th,1:20.671 (Q3),0.377,george russell
14,17,Singapore GP,14th,+2 Laps,Pitlane,1:46.458,,11th,1:54.012 (Q2),4.6,15,16th,Accident,2nd,1:36.273,0.406,2nd,1:31.056 (Q3),0.072,george russell
15,18,Japanese GP,8th,+47.661,8th,1:47.004,2.593,8th,1:30.389 (Q3),1.085,16,7th,+57.659,8th,1:37.653,3.47,8th,1:30.219 (Q3),1.342,george russell
16,19,United States GP,5th,+44.815,4th,1:38.788,,6th,1:34.988 (Q3),0.632,18,5th,+24.999,5th,1:39.393,1.254,5th,1:35.079 (Q3),0.356,george russell
17,20,Mexico City GP,4th,+49.431,2nd,1:20.153,,2nd,1:18.079 (Q3),0.304,19,6th,+41.020,8th,1:22.780,1.446,8th,1:17.674 (Q3),0.508,george russell
18,22,Abu Dhabi GP,5th,+35.888,6th,1:28.836,0.445,6th,1:24.511 (Q3),0.687,22,3rd,+20.328,4th,1:28.187,1.194,4th,1:23.788 (Q3),0.343,george russell
0,1,Bahrain GP,2nd,+5.598,3rd,1:35.740,1.17,3rd,1:30.687 (Q3),0.129,1,4th,+48.052,4th,,,4th,1:30.154 (Q3),0.446,carlos sainz
1,2,Saudi Arabian GP,3rd,+8.097,3rd,1:31.905,0.271,3rd,1:28.402 (Q3),0.202,2,6th,+35.876,4th,,,5th,1:28.931 (Q3),0.666,carlos sainz
2,3,Australian GP,DNF,DNF (Spun off),9th,,,9th,1:19.408 (Q3),1.54,3,12th,+6.594,5th,1:20.467,0.232,5th,1:17.270 (Q3),0.538,carlos sainz
3,5,Miami GP,3rd,+8.229,2nd,1:31.790,0.429,2nd,1:28.986 (Q3),0.19,5,5th,+42.511,3rd,1:31.362,1.654,3rd,1:27.349 (Q3),0.508,carlos sainz
4,6,Spanish GP,4th,+45.208,3rd,1:25.985,1.877,3rd,1:19.166 (Q3),0.416,7,5th,+45.698,2nd,1:18.403,2.073,2nd,1:12.734 (Q3),0.462,carlos sainz
5,7,Monaco GP,2nd,+1.154,2nd,1:16.421,1.728,2nd,1:11.601 (Q3),0.225,6,8th,+1:03.391,4th,1:16.449,0.799,5th,1:11.630 (Q3),0.265,carlos sainz
6,8,Azerbaijan GP,DNF,DNF (Brakes),4th,1:48.978,2.932,4th,1:41.814 (Q3),0.455,4,5th,+45.491,4th,1:45.175,1.805,4th,1:41.016 (Q3),0.813,carlos sainz
7,9,Canadian GP,2nd,+0.993,3rd,1:15.749,,3rd,1:22.096 (Q3),0.797,8,5th,+21.540,11th,1:15.911,1.43,8th,1:29.294 (Q3),3.436,carlos sainz
8,10,British GP,1st,2:17:50.311,1st,1:30.813,0.303,1st,1:40.983 (Q3),,10,10th,+19.448,5th,1:31.366,1.091,5th,1:27.148 (Q3),0.428,carlos sainz
9,11,Austrian GP,DNF,DNF (Power Unit),3rd,1:08.649,1.374,3rd,1:05.066 (Q3),0.082,9,6th,+31.377,3rd,1:09.108,2.096,3rd,1:04.581 (Q3),0.19,carlos sainz
10,13,Hungarian GP,4th,+14.579,2nd,1:22.000,0.614,2nd,1:17.421 (Q3),0.044,11,8th,+1:11.073,11th,1:22.584,2.08,11th,1:17.703 (Q2),1.094,carlos sainz
11,14,Belgian GP,3rd,+26.886,1st,1:51.977,2.623,2nd,1:44.297 (Q3),0.632,12,DNF,DNF (Collision damage),4th,,,5th,1:47.152 (Q3),0.984,carlos sainz
12,15,Dutch GP,8th,+20.916,3rd,1:14.643,0.991,3rd,1:10.434 (Q3),0.092,13,5th,+12.541,6th,1:14.934,1.097,6th,1:11.754 (Q3),1.187,carlos sainz
13,16,Italian GP,4th,+5.061,18th,1:24.446,0.416,3rd,1:20.429 (Q3),0.268,14,3rd,+11.193,1st,1:25.501,0.429,1st,1:20.294 (Q3),,carlos sainz
14,17,Singapore GP,3rd,+10.305,4th,1:48.414,1.956,4th,1:49.583 (Q3),0.171,15,1st,1:46:37.418,1st,1:37.666,1.799,1st,1:30.984 (Q3),,carlos sainz
15,18,Japanese GP,DNF,DNF (Accident),3rd,,,3rd,1:29.361 (Q3),0.057,16,6th,+50.221,6th,1:36.187,2.004,6th,1:29.850 (Q3),0.973,carlos sainz
16,19,United States GP,DNF,DNF (Collision damage),1st,,,1st,1:34.356 (Q3),,18,3rd,+15.134,4th,1:40.034,1.895,4th,1:34.945 (Q3),0.222,carlos sainz
17,20,Mexico City GP,5th,+58.123,5th,1:22.199,2.046,5th,1:18.351 (Q3),0.576,19,4th,+27.154,2nd,1:22.539,1.205,2nd,1:17.233 (Q3),0.067,carlos sainz
18,22,Abu Dhabi GP,4th,+24.892,4th,1:28.879,0.488,4th,1:24.242 (Q3),0.418,22,18th,Retired,16th,1:29.452,2.459,16th,1:24.738 (Q1),1.293,carlos sainz
0,1,Bahrain GP,12th,+45.873,19th,1:37.146,2.576,19th,1:33.032 (Q1),2.474,1,6th,+54.502,8th,,,8th,1:30.836 (Q3),1.128,lance stroll
1,2,Saudi Arabian GP,13th,+1 Lap,13th,1:34.446,2.812,15th,1:31.009 (Q2),2.809,2,DNF,DNF (Engine),5th,,,6th,1:28.945 (Q3),0.68,lance stroll
2,3,Australian GP,12th,+1:28.598,19th,1:23.592,3.332,20th,No time set,,3,4th,+3.082,6th,1:20.934,0.699,6th,1:17.308 (Q3),0.576,lance stroll
3,5,Miami GP,10th,+37.026,Pitlane,1:33.312,1.951,10th,1:30.676 (Q3),1.88,5,12th,+1:04.754,18th,1:30.862,1.154,18th,1:28.476 (Q1),1.635,lance stroll
4,6,Spanish GP,15th,+1 Lap,17th,1:26.876,2.768,18th,1:21.418 (Q1),2.668,7,6th,+1:03.320,5th,1:18.722,2.392,6th,1:12.994 (Q3),0.722,lance stroll
5,7,Monaco GP,14th,+1:00.802,18th,1:17.672,2.979,18th,1:13.678 (Q1),2.302,6,DNF,DNF (Accident),14th,1:17.769,2.119,14th,1:12.623 (Q2),1.258,lance stroll
6,8,Azerbaijan GP,16th,Vibrations,19th,1:48.038,1.992,19th,1:45.371 (Q1),4.012,4,7th,+51.617,9th,1:45.627,2.257,9th,1:41.611 (Q3),1.408,lance stroll
7,9,Canadian GP,10th,+38.222,17th,1:17.421,1.672,18th,1:35.532 (Q1),14.233,8,9th,+1:04.402,16th,1:16.564,2.083,13th,1:21.484 (Q2),,lance stroll
8,10,British GP,11th,+26.147,20th,1:32.379,1.869,20th,1:43.430 (Q1),2.447,10,14th,+27.483,12th,1:31.508,1.233,12th,1:28.935 (Q2),2.215,lance stroll
9,11,Austrian GP,13th,+1 Lap,17th,1:10.048,2.773,17th,1:06.847 (Q1),1.863,9,9th,+59.043,6th,1:09.046,2.034,6th,1:04.893 (Q3),0.502,lance stroll
10,13,Hungarian GP,11th,+1 Lap,14th,1:22.437,1.051,14th,1:19.137 (Q2),1.76,11,10th,+1 Lap,14th,1:23.425,2.921,14th,1:18.144 (Q2),1.535,lance stroll
11,14,Belgian GP,11th,+1:43.078,9th,1:52.880,3.526,14th,1:46.611 (Q2),2.946,12,9th,+1:19.340,10th,,,10th,1:48.841 (Q3),2.673,lance stroll
12,15,Dutch GP,10th,+22.459,10th,1:15.043,1.391,10th,1:11.416 (Q2),1.074,13,11th,+20.087,11th,1:15.171,1.334,11th,1:20.121 (Q2),9.554,lance stroll
13,16,Italian GP,DNF,DNF (Engine),12th,1:27.467,3.437,18th,1:22.748 (Q1),2.587,14,16th,+1:27.266,20th,1:26.617,1.545,20th,1:22.860 (Q1),2.566,lance stroll
14,17,Singapore GP,6th,+56.330,11th,1:50.283,3.825,12th,1:54.211 (Q2),4.799,15,20th,Withdrew,Pitlane,,,20th,1:33.397 (Q1),2.413,lance stroll
15,18,Japanese GP,12th,+1:13.904,19th,1:45.205,0.794,19th,1:31.419 (Q1),2.115,16,DNF,DNF (Retired),17th,1:39.050,4.867,17th,1:31.181 (Q1),2.304,lance stroll
16,19,United States GP,DNF,DNF (Collision),5th,1:43.080,4.292,7th,1:35.598 (Q3),1.242,18,7th,+48.696,Pitlane,1:39.908,1.769,19th,1:36.589 (Q1),1.866,lance stroll
17,20,Mexico City GP,15th,+1 Lap,20th,1:22.463,2.31,18th,1:20.520 (Q1),2.745,19,17th,Collision damage,Pitlane,1:23.257,1.923,18th,1:19.227 (Q1),2.061,lance stroll
18,22,Abu Dhabi GP,8th,+1:16.931,14th,1:29.620,1.229,14th,1:25.359 (Q2),1.535,22,10th,+55.632,13th,1:28.050,1.057,13th,1:24.422 (Q2),0.977,lance stroll
0,1,Bahrain GP,8th,+20.386,16th,1:37.104,2.534,16th,1:32.750 (Q1),2.192,1,11th,+1:30.870,14th,,,14th,1:32.510 (Q2),2.802,yuki tsunoda
1,2,Saudi Arabian GP,DNF,DNF (Retired),19th,,,20th,No time set,,2,11th,+1:07.494,16th,,,16th,1:29.939 (Q1),1.674,yuki tsunoda
2,3,Australian GP,15th,+1 Lap,13th,1:23.342,3.082,13th,1:19.424 (Q2),1.556,3,10th,+6.052,12th,1:21.789,1.554,12th,1:18.099 (Q2),1.367,yuki tsunoda
3,5,Miami GP,12th,+40.146,9th,1:33.035,1.674,9th,1:29.932 (Q3),1.136,5,11th,+1:04.309,17th,1:31.038,1.33,17th,1:28.429 (Q1),1.588,yuki tsunoda
4,6,Spanish GP,10th,+1 Lap,13th,1:26.828,2.72,13th,1:20.639 (Q2),1.889,7,12th,+1:15.416,15th,1:18.904,2.574,15th,1:14.477 (Q2),2.205,yuki tsunoda
5,7,Monaco GP,17th,+1 Lap,11th,1:15.334,0.641,11th,1:12.797 (Q2),1.421,6,15th,+2 Laps,9th,1:17.680,2.03,9th,1:12.082 (Q3),0.717,yuki tsunoda
6,8,Azerbaijan GP,13th,+1 Lap,8th,1:47.523,1.477,8th,1:43.056 (Q3),1.697,4,10th,+1:23.862,8th,1:45.727,2.357,8th,1:41.581 (Q3),1.378,yuki tsunoda
7,9,Canadian GP,DNF,DNF (Accident),20th,1:18.309,2.56,20th,1:36.575 (Q1),15.276,8,14th,+1:13.423,19th,1:16.666,2.185,16th,1:22.746 (Q1),,yuki tsunoda
8,10,British GP,14th,+40.910,13th,1:33.832,3.322,13th,1:44.311 (Q2),3.328,10,16th,+31.225,16th,1:32.084,1.809,17th,1:30.025 (Q1),3.305,yuki tsunoda
9,11,Austrian GP,16th,+1 Lap,14th,1:10.023,2.748,14th,1:06.851 (Q2),1.867,9,19th,+1 Lap,16th,1:10.176,3.164,16th,1:05.784 (Q1),1.393,yuki tsunoda
10,13,Hungarian GP,19th,+2 Laps,16th,1:23.538,2.152,16th,1:19.240 (Q1),1.863,11,15th,+1 Lap,17th,1:23.269,2.765,17th,1:18.919 (Q1),2.31,yuki tsunoda
11,14,Belgian GP,13th,+1:45.217,Pitlane,1:52.436,3.082,19th,1:46.692 (Q1),3.027,12,10th,+1:20.221,11th,,,11th,1:53.148 (Q2),6.98,yuki tsunoda
12,15,Dutch GP,DNF,DNF (Differential),9th,1:17.138,3.486,9th,1:12.556 (Q3),2.214,13,15th,+29.893,17th,1:16.253,2.416,14th,1:20.230 (Q2),9.663,yuki tsunoda
13,16,Italian GP,14th,+1 Lap,20th,1:26.857,2.827,15th,1:22.020 (Q1),1.859,14,DNF,DNF (Engine),11th,,,11th,1:21.594 (Q2),1.3,yuki tsunoda
14,17,Singapore GP,DNF,DNF (Retired),10th,1:58.716,12.258,10th,1:51.983 (Q3),2.571,15,DNF,DNF (Collision),15th,,,15th,1:31.991 (Q1),1.007,yuki tsunoda
15,18,Japanese GP,13th,+1:15.599,13th,1:45.893,1.482,13th,1:30.808 (Q2),1.504,16,12th,+1 Lap,9th,1:37.768,3.585,9th,1:30.303 (Q3),1.426,yuki tsunoda
16,19,United States GP,10th,+1:10.919,19th,1:42.206,3.418,15th,1:37.147 (Q2),2.791,18,8th,+1:14.385,11th,1:38.139,,11th,1:35.697 (Q2),0.974,yuki tsunoda
17,20,Mexico City GP,DNF,DNF (Collision damage),13th,1:23.403,3.25,13th,1:19.589 (Q2),1.814,19,12th,+1:18.982,18th,1:22.501,1.167,15th,1:18.890 (Q1),1.724,yuki tsunoda
18,22,Abu Dhabi GP,11th,+1:29.371,11th,1:29.489,1.098,12th,1:25.219 (Q2),1.395,22,8th,+43.088,6th,1:29.256,2.263,6th,1:23.968 (Q3),0.523,yuki tsunoda
0,1,Bahrain GP,19th,Steering,2nd,1:35.440,0.87,2nd,1:30.681 (Q3),0.123,1,1st,1:33:56.736,1st,,,1st,1:29.708 (Q3),,max verstappen
1,2,Saudi Arabian GP,1st,1:24:19.293,4th,1:31.772,0.138,4th,1:28.461 (Q3),0.261,2,2nd,+5.355,15th,,,15th,1:49.953 (Q2),21.688,max verstappen
2,3,Australian GP,DNF,DNF (Fuel leak),2nd,1:21.677,1.417,2nd,1:18.154 (Q3),0.286,3,1st,2:32:38.371,1st,1:20.342,0.107,1st,1:16.732 (Q3),,max verstappen
3,5,Miami GP,1st,1:34:24.258,3rd,1:31.361,,3rd,1:28.991 (Q3),0.195,5,1st,1:27:38.241,9th,1:29.708,,9th,1:26.814 (Q2),,max verstappen
4,6,Spanish GP,1st,1:37:20.475,2nd,1:25.456,1.348,2nd,1:19.073 (Q3),0.323,7,1st,1:27:57.940,1st,1:16.330,,1st,1:12.272 (Q3),,max verstappen
5,7,Monaco GP,3rd,+1.491,4th,1:16.052,1.359,4th,1:11.666 (Q3),0.29,6,1st,1:48:51.980,1st,1:16.604,0.954,1st,1:11.365 (Q3),,max verstappen
6,8,Azerbaijan GP,1st,1:34:05.941,3rd,1:46.050,0.004,3rd,1:41.706 (Q3),0.347,4,2nd,+2.137,2nd,1:44.232,0.862,2nd,1:40.391 (Q3),0.188,max verstappen
7,9,Canadian GP,1st,1:36:21.757,1st,1:15.839,0.09,1st,1:21.299 (Q3),,8,1st,1:33:58.348,1st,1:15.594,1.113,1st,1:25.858 (Q3),,max verstappen
8,10,British GP,7th,+18.777,2nd,1:32.354,1.844,2nd,1:41.055 (Q3),0.072,10,1st,1:25:16.938,1st,1:30.275,,1st,1:26.720 (Q3),,max verstappen
9,11,Austrian GP,2nd,+1.532,1st,1:07.275,,1st,1:04.984 (Q3),,9,1st,1:25:33.607,1st,1:07.012,,1st,1:04.391 (Q3),,max verstappen
10,13,Hungarian GP,1st,1:39:35.912,10th,1:22.126,0.74,10th,1:18.823 (Q3),1.446,11,1st,1:38:08.634,2nd,1:20.504,,2nd,1:16.612 (Q3),0.003,max verstappen
11,14,Belgian GP,1st,1:25:52.894,14th,1:49.354,,1st,1:43.665 (Q3),,12,1st,1:22:30.450,6th,,,1st,1:46.168 (Q3),,max verstappen
12,15,Dutch GP,1st,1:36:42.773,1st,1:13.652,,1st,1:10.342 (Q3),,13,1st,2:24:04.411,1st,1:13.889,0.052,1st,1:10.567 (Q3),,max verstappen
13,16,Italian GP,1st,1:20:27.511,7th,1:24.745,0.715,2nd,1:20.306 (Q3),0.145,14,1st,1:13:41.143,2nd,1:25.240,0.168,2nd,1:20.307 (Q3),0.013,max verstappen
14,17,Singapore GP,7th,+58.825,8th,1:49.142,2.684,8th,1:51.395 (Q3),1.983,15,5th,+21.441,11th,1:36.575,0.708,11th,1:32.173 (Q2),1.189,max verstappen
15,18,Japanese GP,1st,3:01:44.004,1st,1:44.911,0.5,1st,1:29.304 (Q3),,16,1st,1:30:58.421,1st,1:34.183,,1st,1:28.877 (Q3),,max verstappen
16,19,United States GP,1st,1:42:11.687,2nd,1:39.541,0.753,3rd,1:34.448 (Q3),0.092,18,1st,1:35:21.362,6th,1:40.028,1.889,6th,1:35.081 (Q3),0.358,max verstappen
17,20,Mexico City GP,1st,1:38:36.729,1st,1:22.046,1.893,1st,1:17.775 (Q3),,19,1st,2:02:30.814,3rd,1:21.644,0.31,3rd,1:17.263 (Q3),0.097,max verstappen
18,22,Abu Dhabi GP,1st,1:27:45.914,1st,1:29.392,1.001,1st,1:23.824 (Q3),,22,1st,1:27:02.624,1st,1:26.993,,1st,1:23.445 (Q3),,max verstappen
0,1,Bahrain GP,10th,+23.064,15th,1:36.685,2.115,15th,1:33.543 (Q2),2.985,1,16th,+1 Lap,13th,,,13th,1:31.473 (Q2),1.765,guanyu zhou
1,2,Saudi Arabian GP,11th,+1:22.215,12th,1:33.924,2.29,13th,1:29.819 (Q2),1.619,2,13th,+1:16.060,11th,,,12th,1:29.461 (Q2),1.196,guanyu zhou
2,3,Australian GP,11th,+1:21.695,14th,1:22.541,2.281,14th,1:20.155 (Q2),2.287,3,9th,+5.713,17th,1:21.819,1.584,17th,1:18.540 (Q1),1.808,guanyu zhou
3,5,Miami GP,DNF,DNF (Water leak),17th,1:35.731,4.37,17th,1:31.020 (Q1),2.224,5,16th,+1:18.440,14th,1:31.736,2.028,14th,1:28.091 (Q2),1.25,guanyu zhou
4,6,Spanish GP,DNF,DNF (Power Unit),15th,1:28.415,4.307,15th,1:21.094 (Q2),2.344,7,9th,+1:11.878,13th,1:18.753,2.423,13th,1:13.521 (Q2),1.249,guanyu zhou
5,7,Monaco GP,16th,+1 Lap,20th,1:18.200,3.507,20th,1:15.606 (Q1),4.23,6,13th,+1 Lap,19th,1:16.926,1.276,19th,1:13.523 (Q1),2.158,guanyu zhou
6,8,Azerbaijan GP,DNF,DNF (Technical),14th,1:48.723,2.677,14th,1:43.790 (Q2),2.431,4,DNF,DNF (Overheating),15th,1:47.553,4.183,16th,1:42.642 (Q1),2.439,guanyu zhou
7,9,Canadian GP,8th,+26.952,10th,1:16.927,1.178,10th,1:24.030 (Q3),2.731,8,16th,+1 Lap,20th,1:17.090,2.609,20th,1:23.342 (Q1),,guanyu zhou
8,10,British GP,DNF,DNF (Collision),9th,,,9th,1:42.719 (Q3),1.736,10,15th,+29.820,17th,1:31.769,1.494,18th,1:30.123 (Q1),3.403,guanyu zhou
9,11,Austrian GP,14th,+1 Lap,18th,1:09.380,2.105,18th,1:06.901 (Q1),1.917,9,12th,+1 Lap,17th,1:09.797,2.785,17th,1:05.818 (Q1),1.427,guanyu zhou
10,13,Hungarian GP,13th,+1 Lap,12th,1:22.029,0.643,12th,1:18.573 (Q2),1.196,11,16th,+1 Lap,5th,1:23.743,3.239,5th,1:16.971 (Q3),0.362,guanyu zhou
11,14,Belgian GP,14th,+1:46.252,18th,1:52.317,2.963,13th,1:46.085 (Q2),2.42,12,13th,+1:35.441,17th,,,17th,2:00.832 (Q1),14.664,guanyu zhou
12,15,Dutch GP,16th,+37.320,14th,1:15.940,2.288,14th,1:11.704 (Q2),1.362,13,DNF,DNF (Accident),5th,1:15.417,1.58,16th,1:22.067 (Q1),11.5,guanyu zhou
13,16,Italian GP,10th,+7.910,9th,1:26.361,2.331,14th,1:22.577 (Q2),2.416,14,14th,+1:20.164,16th,1:25.983,0.911,16th,1:22.390 (Q1),2.096,guanyu zhou
14,17,Singapore GP,DNF,DNF (Retired),14th,2:05.556,19.098,15th,1:55.518 (Q2),6.106,15,12th,+1:23.649,Pitlane,1:39.316,3.449,19th,1:33.258 (Q1),2.274,guanyu zhou
15,18,Japanese GP,16th,+1:27.043,14th,1:44.411,,14th,1:30.953 (Q2),1.649,16,13th,+1 Lap,19th,1:37.791,3.608,19th,1:31.398 (Q1),2.521,guanyu zhou
16,19,United States GP,12th,+1:16.164,18th,1:42.394,3.606,14th,1:36.970 (Q2),2.614,18,13th,+1 Lap,12th,1:41.879,3.74,12th,1:35.698 (Q2),0.975,guanyu zhou
17,20,Mexico City GP,13th,+1 Lap,12th,1:22.260,2.107,12th,1:19.476 (Q2),1.701,19,14th,+1:21.676,10th,1:23.567,2.233,10th,1:18.050 (Q3),0.884,guanyu zhou
18,22,Abu Dhabi GP,12th,+1 Lap,15th,1:29.600,1.209,15th,1:25.408 (Q2),1.584,22,17th,+1:29.422,19th,1:28.746,1.753,19th,1:25.159 (Q1),1.714,guanyu zhou
